<?xml version='1.0' encoding='UTF-8'?>
<archive xmlns:SOAP-ENV="http://schemas.xmlsoap.org/soap/envelope/" xmlns:SOAP-ENC="http://schemas.xmlsoap.org/soap/encoding/" xmlns:xsd="http://www.w3.org/2001/XMLSchema" xmlns:xsi="http://www.w3.org/2001/XMLSchema-instance" xmlns:bus="http://developer.cognos.com/schemas/bibus/3/" xmlns:cm="http://developer.cognos.com/schemas/bibus/3/">
<!-- CM Build=11.1.1.153 -->
  <objects>
	<object>
		<class>folder</class>
		<name>Fresh Report</name>
		<id>1</id>
		<parentId>0</parentId>
		<storeID>i86F38898255A423BBAE1871CBFA182CC</storeID>
		<props>
			<creationTime>
				<value>2019-10-01T06:56:48.361Z</value>
			</creationTime>
			<modificationTime>
				<value>2019-10-01T06:56:48.361Z</value>
			</modificationTime>
			<name>
				<value><item><locale xsi:type="xsd:string">en-us</locale><value xsi:type="xsd:string">Fresh Report</value></item>
</value>
			</name>
			<owner>
				<value><item><searchPath xsi:type="cm:stringProp">
	<value xsi:type="xsd:string" xml:space="preserve">CAMID("::Anonymous")</value>
</searchPath>
<storeID xsi:type="cm:guidProp">
	<value xsi:type="cm:guid" xml:space="preserve">xOjpBbm9ueW1vdXM_</value>
</storeID></item>
</value>
			</owner>
			<tenantID>
				<value></value>
			</tenantID>
			<displaySequence>
				<value>0</value>
			</displaySequence>
			<hidden>
				<value>false</value>
			</hidden>
			<viewed>
				<value>false</value>
			</viewed>
		</props>
	</object>
	<object>
		<class>report</class>
		<name>Policy_Backup</name>
		<id>2</id>
		<parentId>1</parentId>
		<storeID>i05201768821D4C9DA5CE8DC8CA97A645</storeID>
		<props>
			<creationTime>
				<value>2019-10-01T06:51:45.533Z</value>
			</creationTime>
			<modificationTime>
				<value>2019-10-01T06:52:51.790Z</value>
			</modificationTime>
			<name>
				<value><item><locale xsi:type="xsd:string">en-us</locale><value xsi:type="xsd:string">Policy_Backup</value></item>
</value>
			</name>
			<owner>
				<value><item><searchPath xsi:type="cm:stringProp">
	<value xsi:type="xsd:string" xml:space="preserve">CAMID("::Anonymous")</value>
</searchPath>
<storeID xsi:type="cm:guidProp">
	<value xsi:type="cm:guid" xml:space="preserve">xOjpBbm9ueW1vdXM_</value>
</storeID></item>
</value>
			</owner>
			<tenantID>
				<value></value>
			</tenantID>
			<displaySequence>
				<value>0</value>
			</displaySequence>
			<hidden>
				<value>false</value>
			</hidden>
			<viewed>
				<value>false</value>
			</viewed>
			<allowNotification>
				<value>true</value>
			</allowNotification>
			<allowSubscription>
				<value>false</value>
			</allowSubscription>
			<defaultPortalAction>
				<value>viewOutput</value>
			</defaultPortalAction>
			<executionPrompt>
				<value>true</value>
			</executionPrompt>
			<retentions>
				<value><item><objectClass xsi:type="cm:classEnum">history</objectClass><prop xsi:type="cm:propEnum">creationTime</prop><maxObjects xsi:type="xsd:integer">5</maxObjects></item>
<item><objectClass xsi:type="cm:classEnum">reportVersion</objectClass><prop xsi:type="cm:propEnum">creationTime</prop><maxObjects xsi:type="xsd:integer">1</maxObjects></item>
</value>
			</retentions>
			<canBurst>
				<value>false</value>
			</canBurst>
			<module>
				<value><item><searchPath xsi:type="cm:stringProp">
	<value xsi:type="xsd:string" xml:space="preserve">CAMID("::Anonymous")/folder[@name=&apos;My Folders&apos;]/folder[@name=&apos;Demo_Video&apos;]/module[@name=&apos;Life Insurance_DM&apos;]</value>
</searchPath>
<storeID xsi:type="cm:guidProp">
	<value xsi:type="cm:guid" xml:space="preserve">i7C51624B78724DEEBAB09BD396A75892</value>
</storeID></item>
</value>
			</module>
			<runInAdvancedViewer>
				<value>true</value>
			</runInAdvancedViewer>
			<specification>
				<value>&lt;report xmlns="http://developer.cognos.com/schemas/report/15.0/" useStyleVersion="11.4" expressionLocale="en-us"&gt;
	
	&lt;drillBehavior&gt;&lt;/drillBehavior&gt;
	&lt;layouts&gt;
		&lt;layout&gt;
			&lt;reportPages&gt;
				&lt;page name="Page1"&gt;
					&lt;style&gt;
						&lt;defaultStyles&gt;
							&lt;defaultStyle refStyle="pg"&gt;&lt;/defaultStyle&gt;
						&lt;/defaultStyles&gt;
					&lt;/style&gt;
					&lt;pageBody&gt;
						&lt;style&gt;
							&lt;defaultStyles&gt;
								&lt;defaultStyle refStyle="pb"&gt;&lt;/defaultStyle&gt;
							&lt;/defaultStyles&gt;
						&lt;/style&gt;
						&lt;contents&gt;&lt;list horizontalPagination="true" name="List1" refQuery="Query1"&gt;
								
								
								
								&lt;noDataHandler&gt;
									&lt;contents&gt;
										&lt;block&gt;
											&lt;contents&gt;
												&lt;textItem&gt;
													&lt;dataSource&gt;
														&lt;staticValue&gt;No Data Available&lt;/staticValue&gt;
													&lt;/dataSource&gt;
													&lt;style&gt;
														&lt;CSS value="padding:10px 18px;"&gt;&lt;/CSS&gt;
													&lt;/style&gt;
												&lt;/textItem&gt;
											&lt;/contents&gt;
										&lt;/block&gt;
									&lt;/contents&gt;
								&lt;/noDataHandler&gt;
								&lt;style&gt;
									&lt;CSS value="border-collapse:collapse"&gt;&lt;/CSS&gt;
									&lt;defaultStyles&gt;
										&lt;defaultStyle refStyle="ls"&gt;&lt;/defaultStyle&gt;
									&lt;/defaultStyles&gt;
								&lt;/style&gt;
								&lt;listColumns&gt;&lt;listColumn&gt;&lt;listColumnTitle&gt;&lt;style&gt;&lt;defaultStyles&gt;&lt;defaultStyle refStyle="lt"&gt;&lt;/defaultStyle&gt;&lt;/defaultStyles&gt;&lt;/style&gt;&lt;contents&gt;&lt;textItem&gt;&lt;dataSource&gt;&lt;dataItemLabel refDataItem="Inception Year"&gt;&lt;/dataItemLabel&gt;&lt;/dataSource&gt;&lt;/textItem&gt;&lt;/contents&gt;&lt;/listColumnTitle&gt;&lt;listColumnBody&gt;&lt;style&gt;&lt;defaultStyles&gt;&lt;defaultStyle refStyle="lc"&gt;&lt;/defaultStyle&gt;&lt;/defaultStyles&gt;&lt;/style&gt;&lt;contents&gt;&lt;textItem&gt;&lt;dataSource&gt;&lt;dataItemValue refDataItem="Inception Year"&gt;&lt;/dataItemValue&gt;&lt;/dataSource&gt;&lt;/textItem&gt;&lt;/contents&gt;&lt;listColumnRowSpan refDataItem="Inception Year"&gt;&lt;/listColumnRowSpan&gt;&lt;/listColumnBody&gt;&lt;/listColumn&gt;&lt;listColumn&gt;&lt;listColumnTitle&gt;&lt;style&gt;&lt;defaultStyles&gt;&lt;defaultStyle refStyle="lt"&gt;&lt;/defaultStyle&gt;&lt;/defaultStyles&gt;&lt;/style&gt;&lt;contents&gt;&lt;textItem&gt;&lt;dataSource&gt;&lt;dataItemLabel refDataItem="Product Type"&gt;&lt;/dataItemLabel&gt;&lt;/dataSource&gt;&lt;/textItem&gt;&lt;/contents&gt;&lt;/listColumnTitle&gt;&lt;listColumnBody&gt;&lt;style&gt;&lt;defaultStyles&gt;&lt;defaultStyle refStyle="lc"&gt;&lt;/defaultStyle&gt;&lt;/defaultStyles&gt;&lt;/style&gt;&lt;contents&gt;&lt;textItem&gt;&lt;dataSource&gt;&lt;dataItemValue refDataItem="Product Type"&gt;&lt;/dataItemValue&gt;&lt;/dataSource&gt;&lt;/textItem&gt;&lt;/contents&gt;&lt;listColumnRowSpan refDataItem="Product Type"&gt;&lt;/listColumnRowSpan&gt;&lt;/listColumnBody&gt;&lt;/listColumn&gt;&lt;listColumn&gt;&lt;listColumnTitle&gt;&lt;style&gt;&lt;defaultStyles&gt;&lt;defaultStyle refStyle="lt"&gt;&lt;/defaultStyle&gt;&lt;/defaultStyles&gt;&lt;/style&gt;&lt;contents&gt;&lt;textItem&gt;&lt;dataSource&gt;&lt;dataItemLabel refDataItem="Status"&gt;&lt;/dataItemLabel&gt;&lt;/dataSource&gt;&lt;/textItem&gt;&lt;/contents&gt;&lt;/listColumnTitle&gt;&lt;listColumnBody&gt;&lt;style&gt;&lt;defaultStyles&gt;&lt;defaultStyle refStyle="lc"&gt;&lt;/defaultStyle&gt;&lt;/defaultStyles&gt;&lt;/style&gt;&lt;contents&gt;&lt;textItem&gt;&lt;dataSource&gt;&lt;dataItemValue refDataItem="Status"&gt;&lt;/dataItemValue&gt;&lt;/dataSource&gt;&lt;/textItem&gt;&lt;/contents&gt;&lt;listColumnRowSpan refDataItem="Status"&gt;&lt;/listColumnRowSpan&gt;&lt;/listColumnBody&gt;&lt;/listColumn&gt;&lt;listColumn&gt;&lt;listColumnTitle&gt;&lt;style&gt;&lt;defaultStyles&gt;&lt;defaultStyle refStyle="lt"&gt;&lt;/defaultStyle&gt;&lt;/defaultStyles&gt;&lt;/style&gt;&lt;contents&gt;&lt;textItem&gt;&lt;dataSource&gt;&lt;dataItemLabel refDataItem="Amt Of Claims"&gt;&lt;/dataItemLabel&gt;&lt;/dataSource&gt;&lt;/textItem&gt;&lt;/contents&gt;&lt;/listColumnTitle&gt;&lt;listColumnBody&gt;&lt;style&gt;&lt;defaultStyles&gt;&lt;defaultStyle refStyle="lm"&gt;&lt;/defaultStyle&gt;&lt;/defaultStyles&gt;&lt;/style&gt;&lt;contents&gt;&lt;textItem&gt;&lt;dataSource&gt;&lt;dataItemValue refDataItem="Amt Of Claims"&gt;&lt;/dataItemValue&gt;&lt;/dataSource&gt;&lt;/textItem&gt;&lt;/contents&gt;&lt;/listColumnBody&gt;&lt;/listColumn&gt;&lt;/listColumns&gt;&lt;listGroups&gt;&lt;listGroup refDataItem="Inception Year"&gt;&lt;/listGroup&gt;&lt;listGroup refDataItem="Product Type"&gt;&lt;/listGroup&gt;&lt;listGroup refDataItem="Status"&gt;&lt;/listGroup&gt;&lt;/listGroups&gt;&lt;/list&gt;
						&lt;/contents&gt;
					&lt;/pageBody&gt;
				&lt;/page&gt;
			&lt;/reportPages&gt;
		&lt;/layout&gt;
	&lt;/layouts&gt;
&lt;queries&gt;&lt;query name="Query1"&gt;&lt;source&gt;&lt;model&gt;&lt;/model&gt;&lt;/source&gt;&lt;selection&gt;&lt;dataItem aggregate="none" name="Inception Year" rollupAggregate="none"&gt;&lt;expression&gt;[C].[C_Life_Insurance_DM].[Life_Insurance_Dashboard_View_1].[Inception_Year]&lt;/expression&gt;&lt;XMLAttributes&gt;&lt;XMLAttribute name="RS_dataType" output="no" value="1"&gt;&lt;/XMLAttribute&gt;&lt;XMLAttribute name="RS_dataUsage" output="no" value="1"&gt;&lt;/XMLAttribute&gt;&lt;/XMLAttributes&gt;&lt;/dataItem&gt;&lt;dataItem aggregate="none" name="Status" rollupAggregate="none"&gt;&lt;expression&gt;[C].[C_Life_Insurance_DM].[Life_Insurance_Dashboard_View_1].[Status]&lt;/expression&gt;&lt;XMLAttributes&gt;&lt;XMLAttribute name="RS_dataType" output="no" value="3"&gt;&lt;/XMLAttribute&gt;&lt;XMLAttribute name="RS_dataUsage" output="no" value="1"&gt;&lt;/XMLAttribute&gt;&lt;/XMLAttributes&gt;&lt;/dataItem&gt;&lt;dataItem aggregate="none" name="Product Type" rollupAggregate="none"&gt;&lt;expression&gt;[C].[C_Life_Insurance_DM].[Life_Insurance_Dashboard_View_1].[Product_Type]&lt;/expression&gt;&lt;XMLAttributes&gt;&lt;XMLAttribute name="RS_dataType" output="no" value="3"&gt;&lt;/XMLAttribute&gt;&lt;XMLAttribute name="RS_dataUsage" output="no" value="1"&gt;&lt;/XMLAttribute&gt;&lt;/XMLAttributes&gt;&lt;/dataItem&gt;&lt;dataItem aggregate="total" name="Amt Of Claims"&gt;&lt;expression&gt;[C].[C_Life_Insurance_DM].[Life_Insurance_Dashboard_View_1].[Amt_of_Claims]&lt;/expression&gt;&lt;XMLAttributes&gt;&lt;XMLAttribute name="RS_dataType" output="no" value="2"&gt;&lt;/XMLAttribute&gt;&lt;XMLAttribute name="RS_dataUsage" output="no" value="2"&gt;&lt;/XMLAttribute&gt;&lt;/XMLAttributes&gt;&lt;/dataItem&gt;&lt;/selection&gt;&lt;detailFilters&gt;&lt;detailFilter&gt;&lt;filterDefinition&gt;&lt;filterInValues refDataItem="Inception Year" dataType="integer"&gt;&lt;filterValues&gt;&lt;filterValue&gt;2019&lt;/filterValue&gt;&lt;/filterValues&gt;&lt;/filterInValues&gt;&lt;/filterDefinition&gt;&lt;/detailFilter&gt;&lt;/detailFilters&gt;&lt;/query&gt;&lt;/queries&gt;&lt;XMLAttributes&gt;&lt;XMLAttribute output="no" name="RS_CreateExtendedDataItems" value="true"&gt;&lt;/XMLAttribute&gt;&lt;XMLAttribute output="no" name="listSeparator" value=","&gt;&lt;/XMLAttribute&gt;&lt;XMLAttribute output="no" name="decimalSeparator" value="."&gt;&lt;/XMLAttribute&gt;&lt;/XMLAttributes&gt;&lt;classStyles&gt;&lt;classStyle name="GuidedLayoutPadding"&gt;&lt;CSS value="padding-right:10px"&gt;&lt;/CSS&gt;&lt;/classStyle&gt;&lt;classStyle name="GuidedLayoutMargin"&gt;&lt;CSS value="margin-bottom:10px"&gt;&lt;/CSS&gt;&lt;/classStyle&gt;&lt;/classStyles&gt;&lt;modelPath type="module"&gt;CAMID("::Anonymous")/folder[@name=&apos;My Folders&apos;]/folder[@name=&apos;Demo_Video&apos;]/module[@name=&apos;Life Insurance_DM&apos;]&lt;/modelPath&gt;&lt;reportName&gt;Policy_Backup&lt;/reportName&gt;&lt;/report&gt;</value>
			</specification>
		</props>
	</object>
  </objects>
</archive>
